{"stats":{"minecraft:broken":{"vanillaplustools:iron_hammer":1,"minecraft:iron_sword":1,"minecraft:iron_pickaxe":2,"minecraft:iron_helmet":1},"minecraft:picked_up":{"born_in_chaos_v1:diamond_termite_shard":5,"born_in_chaos_v1:charmof_stealth":1,"minecraft:crafting_table":1,"minecraft:chicken":1,"gamma_beasts:fur":2,"minecraft:enchanted_book":1,"gravestone:obituary":4,"born_in_chaos_v1:black_argillite":11,"minecraft:string":29,"minecraft:raw_copper":14,"minecraft:item_frame":1,"epicpaladins:bloodstone_gem":6,"minecraft:experience_bottle":1,"minecraft:gold_nugget":5,"minecraft:cobbled_deepslate":671,"minecraft:spruce_planks":5,"minecraft:iron_pickaxe":1,"minecraft:tipped_arrow":7,"minecraft:stick":2,"minecraft:raw_iron":96,"born_in_chaos_v1:shattered_skull":1,"epicpaladins:arclight_gem":4,"aquamirae:shell_horn":1,"minecraft:torch":115,"minecraft:acacia_log":12,"sophisticatedbackpacks:backpack":1,"minecraft:diorite":39,"born_in_chaos_v1:pieceofdarkmetal":15,"minecraft:redstone":19,"minecraft:dark_oak_planks":4,"minecraft:rotten_flesh":23,"epicpaladins:cryorium_gem":6,"minecraft:arrow":20,"minecraft:light_gray_bed":5,"minecraft:pumpkin_pie":1,"minecraft:carved_pumpkin":1,"gamma_beasts:coal_nugget":8,"aquamirae:treasure_pouch":1,"minecraft:mutton":1,"minecraft:iron_bars":1,"minecraft:white_wool":1,"minecraft:cobblestone":281,"born_in_chaos_v1:corpse_maggot":1,"minecraft:cooked_beef":3,"born_in_chaos_v1:monster_flesh":2,"minecraft:andesite":12,"minecraft:jungle_log":1,"gamma_beasts:prehnite":7,"minecraft:flint":1,"minecraft:tuff":76,"minecraft:oak_log":5,"minecraft:gunpowder":1,"minecraft:lapis_lazuli":35,"minecraft:dirt":24,"minecraft:lantern":1,"born_in_chaos_v1:monster_skin":2,"minecraft:bone":24,"minecraft:acacia_planks":3,"minecraft:bow":5,"minecraft:wheat_seeds":1,"minecraft:raw_gold":9,"minecraft:stone_pickaxe":1,"minecraft:iron_sword":2,"minecraft:oak_planks":12,"minecraft:book":5,"born_in_chaos_v1:ethereal_spirit":3,"minecraft:raw_iron_block":8,"minecraft:gravel":11,"minecraft:spruce_log":9,"minecraft:spider_eye":5,"minecraft:sugar":1,"minecraft:diamond":6,"waystones:waystone":10,"minecraft:crossbow":2,"minecraft:granite":3,"minecraft:emerald":31,"minecraft:oak_sapling":3,"minecraft:coal":37},"minecraft:killed":{"minecraft:cave_spider":10,"minecraft:witch":1,"born_in_chaos_v1:zombie_lumberjack":1,"minecraft:spider":3,"minecraft:vindicator":13,"born_in_chaos_v1:skeleton_thrasher_not_despawn":1,"born_in_chaos_v1:zombie_bruiser":1,"born_in_chaos_v1:maggot":2,"minecraft:skeleton":5,"minecraft:chicken":1,"born_in_chaos_v1:diamond_termite":5,"minecraft:zombie_villager":1,"minecraft:creeper":1,"born_in_chaos_v1:decrepit_skeleton":2,"minecraft:pillager":11,"minecraft:zombie":15,"minecraft:stray":12},"minecraft:crafted":{"minecraft:oak_planks":20,"minecraft:raw_iron":72,"minecraft:furnace":1,"minecraft:stone_button":8,"minecraft:stone":8,"minecraft:heavy_weighted_pressure_plate":1,"vanillaplustools:iron_hammer":1,"minecraft:iron_boots":1,"minecraft:iron_axe":2,"minecraft:chest":6,"minecraft:crafting_table":2,"minecraft:spruce_planks":36,"minecraft:iron_helmet":1,"minecraft:air":0,"minecraft:iron_chestplate":1,"minecraft:shield":1,"minecraft:stick":100,"minecraft:iron_ingot":24,"minecraft:iron_pickaxe":10,"minecraft:iron_leggings":1,"minecraft:acacia_planks":48,"minecraft:torch":224},"minecraft:dropped":{"minecraft:bread":2,"minecraft:iron_sword":1,"minecraft:golden_helmet":1,"minecraft:cobblestone":143,"minecraft:dirt":16,"gravestone:obituary":12,"minecraft:gold_nugget":5,"minecraft:iron_pickaxe":1,"minecraft:string":15,"minecraft:redstone":9,"minecraft:gravel":8,"minecraft:cobbled_deepslate":379,"minecraft:tuff":71,"minecraft:raw_iron":3,"minecraft:rotten_flesh":5,"minecraft:filled_map":1,"minecraft:leather_chestplate":1,"minecraft:iron_chestplate":1,"born_in_chaos_v1:corpse_maggot":1,"minecraft:golden_leggings":1,"minecraft:iron_bars":1,"minecraft:arrow":3,"minecraft:bow":1,"waystones:waystone":1},"minecraft:mined":{"minecraft:dark_oak_planks":4,"minecraft:tuff":332,"minecraft:spruce_planks":3,"minecraft:deepslate_diamond_ore":6,"epicpaladins:cryorium_ore":6,"born_in_chaos_v1:infected_diamond_ore":2,"gravestone:gravestone":8,"minecraft:granite":3,"minecraft:chiseled_bookshelf":2,"minecraft:acacia_log":12,"minecraft:grass_block":4,"born_in_chaos_v1:black_argillite":13,"minecraft:light_gray_bed":5,"waystones:waystone":1,"minecraft:spawner":8,"epicpaladins:deepslate_arclight_ore":5,"minecraft:large_fern":1,"minecraft:raw_iron_block":8,"minecraft:iron_ore":27,"minecraft:fire":1,"gamma_beasts:prehnite_ore":8,"minecraft:andesite":12,"treechop:chopped_log":2,"minecraft:deepslate_lapis_ore":5,"minecraft:deepslate_iron_ore":70,"minecraft:vine":1,"minecraft:iron_bars":1,"minecraft:packed_ice":13,"minecraft:stone":345,"minecraft:deepslate_redstone_ore":4,"minecraft:crafting_table":2,"minecraft:torch":20,"minecraft:chest":2,"minecraft:tall_grass":11,"minecraft:copper_ore":4,"minecraft:cobblestone":10,"minecraft:deepslate_gold_ore":9,"minecraft:oak_planks":6,"minecraft:diorite":40,"minecraft:wall_torch":24,"epicpaladins:bloodstone_ore":6,"minecraft:coarse_dirt":4,"minecraft:spruce_log":3,"minecraft:grass":11,"minecraft:coal_ore":37,"minecraft:gravel":15,"minecraft:dirt":32,"minecraft:cobweb":21,"minecraft:acacia_planks":3,"minecraft:stone_bricks":1,"born_in_chaos_v1:infernal_evil_pumpkin_s":1,"minecraft:oak_leaves":2,"minecraft:deepslate":1796,"minecraft:suspicious_gravel":8},"minecraft:killed_by":{"minecraft:pillager":1,"minecraft:vindicator":9,"born_in_chaos_v1:sir_pumpkinhead":1},"minecraft:used":{"minecraft:chest":6,"minecraft:shield":38,"minecraft:iron_sword":317,"minecraft:torch":349,"minecraft:dirt":8,"minecraft:iron_axe":147,"minecraft:item_frame":2,"minecraft:bow":2,"minecraft:oak_sapling":3,"minecraft:furnace":1,"minecraft:cooked_beef":3,"minecraft:cobbled_deepslate":141,"minecraft:acacia_planks":1,"minecraft:light_gray_bed":5,"minecraft:water_bucket":18,"minecraft:stone_pickaxe":15,"minecraft:white_wool":1,"minecraft:crafting_table":3,"minecraft:crossbow":1,"minecraft:book":1,"waystones:waystone":9,"minecraft:bread":105,"minecraft:iron_pickaxe":706,"minecraft:cobblestone":49,"vanillaplustools:iron_hammer":254,"minecraft:cooked_rabbit":9,"minecraft:bucket":20,"minecraft:pumpkin_pie":23,"minecraft:experience_bottle":1},"minecraft:custom":{"lootr:looted_stat":188,"minecraft:mob_kills":92,"minecraft:interact_with_crafting_table":19,"minecraft:open_barrel":19,"minecraft:damage_dealt_resisted":769,"minecraft:eat_cake_slice":2,"minecraft:leave_game":3,"minecraft:time_since_death":487,"minecraft:climb_one_cm":6075,"minecraft:sprint_one_cm":1211141,"minecraft:walk_one_cm":770814,"minecraft:damage_blocked_by_shield":1205,"minecraft:drop":52,"minecraft:damage_dealt_absorbed":191,"minecraft:talked_to_villager":3,"minecraft:play_time":262744,"minecraft:sneak_time":4837,"minecraft:deaths":11,"minecraft:walk_under_water_one_cm":12692,"minecraft:interact_with_lectern":1,"minecraft:jump":4921,"minecraft:walk_on_water_one_cm":25131,"minecraft:total_world_time":262744,"minecraft:interact_with_furnace":14,"minecraft:sleep_in_bed":3,"minecraft:time_since_rest":534,"minecraft:waystone_activated":13,"minecraft:damage_taken":8914,"minecraft:damage_dealt":18555,"minecraft:swim_one_cm":77781,"minecraft:fly_one_cm":1240921,"minecraft:open_chest":51,"minecraft:crouch_one_cm":13514,"minecraft:fall_one_cm":255225}},"DataVersion":3465}