{"stats":{"minecraft:used":{"minecraft:stone_sword":90,"minecraft:armor_stand":2,"minecraft:stone_shovel":61,"minecraft:chest":3,"minecraft:shield":36,"gamma_beasts:green_apple":30,"minecraft:iron_sword":172,"minecraft:iron_chestplate":1,"minecraft:torch":167,"minecraft:dirt":8,"minecraft:carrot":307,"minecraft:granite":2,"minecraft:iron_axe":103,"minecraft:iron_helmet":2,"minecraft:iron_boots":1,"minecraft:furnace":7,"minecraft:cooked_beef":5,"minecraft:potato":18,"minecraft:wheat_seeds":75,"minecraft:water_bucket":20,"minecraft:diorite":13,"minecraft:amethyst_block":1,"minecraft:stone_pickaxe":393,"minecraft:baked_potato":25,"minecraft:oak_planks":13,"minecraft:wooden_pickaxe":10,"minecraft:birch_boat":2,"minecraft:cherry_planks":1,"minecraft:fletching_table":8,"minecraft:crafting_table":16,"gamma_beasts:cooked_meat":3,"waystones:waystone":7,"minecraft:bread":2,"minecraft:iron_pickaxe":867,"born_in_chaos_v1:marigolds":1,"minecraft:gravel":15,"minecraft:golden_helmet":1,"minecraft:golden_leggings":1,"minecraft:stone_axe":65,"minecraft:cobblestone":67,"minecraft:bucket":21,"minecraft:experience_bottle":1},"minecraft:picked_up":{"gamma_beasts:thin_oak_log":29,"minecraft:crafting_table":13,"minecraft:wheat":79,"minecraft:chicken":1,"born_in_chaos_v1:river_mint":1,"gamma_beasts:fur":4,"minecraft:oak_stairs":2,"minecraft:gold_block":1,"minecraft:chain":1,"minecraft:shield":1,"minecraft:amethyst_block":178,"minecraft:string":63,"minecraft:raw_copper":60,"minecraft:iron_axe":1,"minecraft:armor_stand":4,"epicpaladins:bloodstone_gem":6,"minecraft:experience_bottle":1,"minecraft:beetroot":10,"minecraft:cobbled_deepslate":58,"minecraft:beef":8,"born_in_chaos_v1:gnawed_bones":1,"minecraft:calcite":77,"minecraft:furnace":6,"minecraft:golden_helmet":3,"gamma_beasts:jungle_leaf":2,"minecraft:stick":4,"minecraft:raw_iron":105,"epicpaladins:arclight_gem":7,"minecraft:composter":1,"minecraft:oak_fence":1,"minecraft:torch":16,"minecraft:cherry_log":6,"minecraft:pointed_dripstone":1,"minecraft:diorite":49,"minecraft:carrot":525,"minecraft:redstone":10,"minecraft:dark_oak_planks":1,"epicpaladins:cryorium_gem":8,"minecraft:arrow":3,"minecraft:rotten_flesh":13,"minecraft:beetroot_seeds":26,"born_in_chaos_v1:wood_splitter_axe":1,"minecraft:hay_block":11,"gamma_beasts:coal_nugget":53,"minecraft:rail":1,"minecraft:cobblestone":450,"minecraft:birch_log":11,"born_in_chaos_v1:corpse_maggot":3,"minecraft:feather":1,"born_in_chaos_v1:monster_flesh":2,"minecraft:andesite":15,"minecraft:leather":6,"minecraft:golden_leggings":3,"artifacts:thorn_pendant":1,"gamma_beasts:prehnite":16,"minecraft:potato":69,"minecraft:flint":2,"minecraft:tuff":4,"minecraft:oak_log":70,"gamma_beasts:green_apple":48,"gamma_beasts:oak_leaf":46,"minecraft:dirt":51,"minecraft:lapis_lazuli":25,"born_in_chaos_v1:monster_skin":1,"born_in_chaos_v1:marigolds":1,"minecraft:bone":4,"minecraft:wheat_seeds":298,"gamma_beasts:meat":3,"minecraft:raw_gold":6,"minecraft:fletching_table":7,"minecraft:oak_planks":2,"minecraft:dark_oak_stairs":1,"minecraft:smooth_basalt":10,"minecraft:birch_boat":2,"born_in_chaos_v1:ethereal_spirit":2,"minecraft:amethyst_shard":12,"minecraft:dripstone_block":1,"minecraft:gravel":25,"minecraft:white_bed":1,"minecraft:spider_eye":2,"minecraft:dark_oak_log":2,"minecraft:diamond":3,"minecraft:deepslate":1,"waystones:waystone":7,"minecraft:granite":44,"minecraft:emerald":1,"minecraft:oak_sapling":3,"minecraft:coal":263},"minecraft:mined":{"minecraft:dark_oak_planks":1,"minecraft:tuff":4,"gamma_beasts:roble_hoja_1":1,"minecraft:white_bed":1,"gamma_beasts:jungla_hoja_1":1,"minecraft:cherry_log":6,"gamma_beasts:roblo_hoja":4,"gravestone:gravestone":6,"minecraft:granite":44,"minecraft:grass_block":14,"minecraft:composter":1,"minecraft:spawner":3,"epicpaladins:deepslate_arclight_ore":1,"minecraft:hay_block":11,"minecraft:tall_seagrass":2,"minecraft:furnace":6,"minecraft:carrots":163,"minecraft:iron_ore":79,"minecraft:fire":3,"gamma_beasts:prehnite_ore":16,"minecraft:andesite":15,"treechop:chopped_log":3,"minecraft:fletching_table":7,"minecraft:gold_block":1,"minecraft:dark_oak_stairs":1,"minecraft:deepslate_iron_ore":16,"minecraft:potatoes":21,"minecraft:dirt_path":2,"minecraft:oak_stairs":2,"minecraft:stone":450,"born_in_chaos_v1:marigolds":1,"epicpaladins:deepslate_bloodstone_ore":3,"minecraft:amethyst_cluster":3,"minecraft:oak_fence":1,"minecraft:crafting_table":13,"minecraft:torch":7,"minecraft:calcite":77,"minecraft:cobblestone":6,"minecraft:tall_grass":27,"minecraft:copper_ore":14,"minecraft:deepslate_gold_ore":6,"minecraft:lapis_ore":4,"minecraft:oak_planks":1,"minecraft:diorite":49,"minecraft:amethyst_block":181,"minecraft:wall_torch":7,"epicpaladins:bloodstone_ore":3,"minecraft:birch_log":8,"epicpaladins:deepslate_cryorium_ore":8,"minecraft:wheat":140,"minecraft:birch_leaves":2,"born_in_chaos_v1:river_mint":1,"gamma_beasts:thin_oak_log":28,"minecraft:grass":39,"minecraft:oak_log":70,"minecraft:coal_ore":180,"minecraft:beetroots":10,"minecraft:gravel":26,"minecraft:dripstone_block":1,"minecraft:dirt":37,"minecraft:cobweb":37,"minecraft:smooth_basalt":10,"minecraft:deepslate":58,"minecraft:oak_leaves":1,"epicpaladins:arclight_ore":6},"minecraft:crafted":{"minecraft:cherry_planks":24,"minecraft:oak_planks":326,"minecraft:redstone":8,"minecraft:stone_shovel":1,"minecraft:birch_boat":1,"minecraft:furnace":3,"minecraft:iron_boots":1,"sophisticatedbackpacks:copper_backpack":1,"minecraft:iron_axe":1,"minecraft:stone_pickaxe":3,"taxov:emerald_armor_armor_boots":1,"minecraft:chest":4,"gamma_beasts:cooked_meat":3,"minecraft:wheat":9,"minecraft:cooked_beef":8,"minecraft:emerald":7,"sophisticatedbackpacks:backpack":1,"minecraft:crafting_table":5,"minecraft:wooden_pickaxe":1,"minecraft:baked_potato":30,"minecraft:iron_helmet":1,"minecraft:iron_sword":1,"minecraft:copper_ingot":17,"minecraft:fletching_table":1,"minecraft:birch_planks":40,"minecraft:stone_axe":1,"minecraft:air":0,"minecraft:iron_chestplate":1,"minecraft:shield":1,"gamma_beasts:prehnite_armor_leggings":1,"minecraft:stick":376,"minecraft:iron_ingot":34,"minecraft:iron_pickaxe":5,"minecraft:stone_sword":1,"minecraft:torch":252},"minecraft:killed_by":{"born_in_chaos_v1:zombie_lumberjack":1,"gamma_beasts:diamond_golem_a":4},"minecraft:custom":{"lootr:looted_stat":20,"minecraft:mob_kills":42,"minecraft:animals_bred":1,"minecraft:interact_with_crafting_table":51,"minecraft:open_barrel":2,"minecraft:damage_dealt_resisted":30,"minecraft:leave_game":6,"minecraft:time_since_death":76343,"minecraft:climb_one_cm":8166,"minecraft:sprint_one_cm":657653,"minecraft:walk_one_cm":949920,"minecraft:damage_blocked_by_shield":715,"minecraft:drop":9,"minecraft:talked_to_villager":23,"minecraft:play_time":402449,"minecraft:sneak_time":9241,"minecraft:deaths":6,"minecraft:walk_under_water_one_cm":10643,"minecraft:boat_one_cm":35505,"minecraft:jump":2915,"minecraft:walk_on_water_one_cm":37906,"minecraft:total_world_time":402449,"minecraft:interact_with_furnace":55,"minecraft:traded_with_villager":11,"minecraft:sleep_in_bed":14,"minecraft:time_since_rest":23298,"minecraft:waystone_activated":8,"minecraft:damage_taken":5336,"minecraft:damage_dealt":7714,"minecraft:swim_one_cm":43233,"minecraft:fly_one_cm":458804,"minecraft:open_chest":26,"minecraft:crouch_one_cm":14822,"minecraft:fall_one_cm":66404,"minecraft:horse_one_cm":1661},"minecraft:killed":{"minecraft:cave_spider":10,"minecraft:witch":1,"born_in_chaos_v1:zombie_lumberjack":1,"born_in_chaos_v1:restless_spirit":2,"gamma_beasts:radioactive_bear_a":1,"born_in_chaos_v1:maggot":3,"minecraft:skeleton":6,"minecraft:chicken":1,"minecraft:drowned":1,"gamma_beasts:diamond_golem_c":1,"artifacts:mimic":1,"minecraft:zombie_villager":1,"gamma_beasts:radioactive_bear_c":1,"gamma_beasts:diamond_golem_a":1,"minecraft:zombie":4,"born_in_chaos_v1:dread_hound":3,"minecraft:cow":3},"minecraft:dropped":{"minecraft:iron_sword":1,"minecraft:wheat_seeds":1,"minecraft:cooked_beef":3,"minecraft:torch":64,"minecraft:iron_axe":1,"minecraft:rotten_flesh":1,"gamma_beasts:jungle_leaf":1},"minecraft:broken":{"minecraft:stone_pickaxe":3,"minecraft:iron_pickaxe":2}},"DataVersion":3465}