{"stats":{"minecraft:used":{"minecraft:moss_carpet":1,"minecraft:stone_sword":951,"minecraft:stone_shovel":139,"minecraft:spruce_slab":150,"minecraft:chest":2,"gamma_beasts:green_apple":14,"minecraft:iron_sword":98,"minecraft:cooked_salmon":13,"minecraft:iron_chestplate":1,"minecraft:torch":8,"minecraft:dirt":39,"minecraft:jungle_slab":166,"minecraft:dark_oak_planks":1,"taxov:emerald_tools_pickaxe":21,"gamma_beasts:pear":22,"minecraft:iron_helmet":1,"minecraft:iron_boots":1,"minecraft:stone_bricks":4,"minecraft:light_gray_wool":2,"minecraft:furnace":5,"minecraft:iron_leggings":1,"minecraft:cooked_mutton":2,"minecraft:birch_planks":8,"minecraft:stone_pickaxe":198,"minecraft:oak_planks":20,"minecraft:wooden_pickaxe":49,"minecraft:redstone_block":1,"minecraft:white_wool":1,"minecraft:golden_apple":1,"minecraft:oak_slab":66,"minecraft:crafting_table":17,"gamma_beasts:cooked_meat":4,"minecraft:white_bed":10,"minecraft:apple":1,"minecraft:stone_axe":284,"minecraft:cobblestone":19,"minecraft:oak_boat":2,"gamma_beasts:lemon":4,"minecraft:bone_meal":1},"minecraft:picked_up":{"gamma_beasts:thin_oak_log":10,"minecraft:crafting_table":12,"minecraft:redstone_block":2,"minecraft:ladder":1,"minecraft:flower_pot":2,"gamma_beasts:fur":65,"minecraft:brown_mushroom":1,"minecraft:wooden_pickaxe":1,"gamma_beasts:cooked_meat":25,"gamma_beasts:birch_leaf":11,"minecraft:jungle_trapdoor":2,"minecraft:string":70,"minecraft:moss_carpet":6,"minecraft:raw_copper":25,"minecraft:cooked_salmon":2,"gamma_beasts:acacia_leaf":65,"minecraft:item_frame":9,"minecraft:pufferfish":4,"minecraft:spruce_planks":13,"minecraft:beef":5,"minecraft:oak_boat":2,"minecraft:jungle_sapling":11,"minecraft:light_gray_wool":2,"minecraft:spruce_slab":21,"minecraft:chest":1,"minecraft:egg":3,"gamma_beasts:lemon":24,"minecraft:furnace":4,"gamma_beasts:jungle_leaf":11,"minecraft:stick":12,"minecraft:raw_iron":8,"minecraft:torch":4,"minecraft:spruce_stairs":3,"minecraft:spruce_fence":2,"minecraft:white_dye":2,"minecraft:redstone":10,"taxov:block_captain":1,"minecraft:dark_oak_planks":13,"minecraft:tnt":1,"minecraft:arrow":7,"minecraft:rotten_flesh":2,"minecraft:jungle_stairs":8,"born_in_chaos_v1:sea_terror_eye":2,"gamma_beasts:kiwi":38,"gamma_beasts:coal_nugget":18,"minecraft:gold_ingot":2,"minecraft:mutton":14,"minecraft:cobblestone":111,"minecraft:skeleton_skull":1,"minecraft:white_wool":8,"gamma_beasts:pear":24,"minecraft:salmon":15,"minecraft:jungle_log":90,"minecraft:brown_wool":2,"minecraft:leather":3,"minecraft:birch_planks":7,"gamma_beasts:thin_birch_log":5,"gamma_beasts:green_apple":39,"minecraft:oak_log":20,"gamma_beasts:oak_leaf":35,"minecraft:gunpowder":2,"minecraft:wither_skeleton_skull":1,"minecraft:lantern":1,"minecraft:lapis_lazuli":2,"minecraft:dirt":187,"minecraft:apple":1,"minecraft:stone_bricks":4,"minecraft:wheat_seeds":3,"gamma_beasts:meat":25,"minecraft:bell":1,"minecraft:iron_ingot":2,"minecraft:dark_oak_sign":1,"minecraft:glass_bottle":2,"minecraft:moss_block":1,"minecraft:acacia_sapling":2,"minecraft:iron_sword":1,"minecraft:dark_oak_stairs":2,"minecraft:oak_slab":10,"minecraft:jungle_planks":22,"gamma_beasts:thin_acacia_log":24,"minecraft:spruce_sapling":5,"minecraft:white_bed":9,"minecraft:spruce_log":18,"minecraft:dark_oak_log":1,"minecraft:jungle_slab":4,"minecraft:spider_eye":1,"minecraft:mossy_cobblestone":3,"taxov:block_sailor":1,"gamma_beasts:thin_jungle_log":9,"minecraft:dispenser":1,"minecraft:sugar":1,"minecraft:diamond":1,"minecraft:bone_meal":1,"minecraft:emerald":2,"born_in_chaos_v1:rotten_fish":13,"minecraft:oak_sapling":13,"minecraft:coal":64,"born_in_chaos_v1:sea_terror_stomach":1},"minecraft:mined":{"minecraft:dark_oak_planks":17,"gamma_beasts:roble_hoja_1":10,"minecraft:spruce_planks":14,"minecraft:white_bed":9,"gamma_beasts:jungla_hoja_1":11,"taxov:block_captain":1,"minecraft:mossy_cobblestone":3,"minecraft:jungle_slab":4,"minecraft:jungle_leaves":2,"minecraft:dark_oak_log":2,"minecraft:jack_o_lantern":1,"gamma_beasts:roblo_hoja":8,"gravestone:gravestone":1,"minecraft:grass_block":155,"minecraft:spruce_fence":3,"minecraft:jungle_planks":5,"minecraft:jungle_log":2,"minecraft:redstone_wire":6,"minecraft:spruce_leaves":4,"minecraft:moss_block":1,"minecraft:tall_seagrass":1,"minecraft:furnace":4,"minecraft:iron_ore":8,"minecraft:stripped_spruce_log":1,"minecraft:moss_carpet":2,"treechop:chopped_log":14,"minecraft:dark_oak_stairs":7,"minecraft:bell":1,"gamma_beasts:acacia_hoja":1,"minecraft:vine":4,"minecraft:lantern":1,"minecraft:stone":116,"minecraft:white_wool":3,"minecraft:spruce_slab":21,"minecraft:jungle_trapdoor":2,"minecraft:podzol":1,"minecraft:oak_slab":9,"minecraft:redstone_block":2,"minecraft:potted_brown_mushroom":1,"gamma_beasts:jungla_hoja":6,"gamma_beasts:abedul_hoja_1":5,"minecraft:crafting_table":12,"gamma_beasts:acacia_hoja_1":1,"minecraft:torch":3,"taxov:block_sailor":1,"minecraft:jungle_stairs":8,"minecraft:chest":1,"minecraft:tall_grass":4,"minecraft:cobblestone":3,"minecraft:copper_ore":6,"minecraft:wall_torch":1,"minecraft:skeleton_skull":1,"minecraft:spruce_stairs":5,"gamma_beasts:abedul_hojas":7,"minecraft:birch_planks":8,"minecraft:spruce_log":2,"minecraft:birch_leaves":2,"minecraft:tnt":1,"minecraft:grass":16,"minecraft:coal_ore":47,"minecraft:dirt":35,"minecraft:cobweb":70,"minecraft:wither_skeleton_skull":1,"minecraft:stone_bricks":5,"minecraft:dispenser":1,"minecraft:oak_leaves":5},"minecraft:crafted":{"minecraft:oak_planks":100,"minecraft:stone_shovel":1,"minecraft:furnace":1,"minecraft:cooked_mutton":2,"minecraft:spruce_pressure_plate":2,"sophisticatedbackpacks:copper_backpack":1,"minecraft:leather":32,"minecraft:spruce_slab":132,"minecraft:stone_pickaxe":4,"minecraft:chest":2,"sophisticatedbackpacks:iron_backpack":1,"minecraft:oak_slab":72,"taxov:emerald_tools_pickaxe":1,"sophisticatedbackpacks:backpack":1,"minecraft:crafting_table":5,"minecraft:spruce_planks":72,"minecraft:wooden_pickaxe":2,"minecraft:cooked_salmon":11,"minecraft:copper_ingot":15,"sophisticatedbackpacks:gold_backpack":1,"minecraft:birch_planks":10,"minecraft:stone_axe":3,"minecraft:jungle_slab":186,"minecraft:air":0,"minecraft:jungle_planks":130,"minecraft:oak_boat":1,"minecraft:stick":32,"minecraft:stone_sword":8,"minecraft:white_bed":1,"minecraft:torch":12},"minecraft:killed_by":{"gamma_beasts:careyatros_a":1},"minecraft:custom":{"lootr:looted_stat":13,"minecraft:mob_kills":51,"minecraft:interact_with_crafting_table":43,"minecraft:open_barrel":10,"minecraft:leave_game":4,"minecraft:time_since_death":190705,"minecraft:climb_one_cm":17613,"minecraft:sprint_one_cm":517152,"minecraft:walk_one_cm":406321,"minecraft:drop":16,"minecraft:talked_to_villager":4,"minecraft:play_time":234534,"minecraft:deaths":1,"minecraft:sneak_time":37220,"minecraft:walk_under_water_one_cm":41260,"minecraft:boat_one_cm":106683,"minecraft:jump":2621,"minecraft:walk_on_water_one_cm":25858,"minecraft:total_world_time":234534,"minecraft:interact_with_furnace":19,"minecraft:sleep_in_bed":7,"minecraft:waystone_activated":1,"minecraft:time_since_rest":2240,"minecraft:damage_taken":2492,"minecraft:damage_dealt":24504,"minecraft:swim_one_cm":66192,"minecraft:fly_one_cm":496945,"minecraft:open_chest":34,"minecraft:crouch_one_cm":77599,"minecraft:fall_one_cm":68251},"minecraft:killed":{"minecraft:witch":2,"born_in_chaos_v1:corpse_fish":1,"minecraft:zombie_villager":2,"minecraft:salmon":17,"born_in_chaos_v1:glutton_fish":1,"gamma_beasts:careyatros_a":11,"minecraft:sheep":1,"gamma_beasts:careyatros_c":10,"minecraft:cow":3},"minecraft:dropped":{"minecraft:iron_sword":1,"minecraft:diamond":1,"minecraft:cobblestone":1,"minecraft:jungle_planks":1,"minecraft:pufferfish":2,"minecraft:dark_oak_planks":3,"gamma_beasts:lemon":6,"minecraft:flower_pot":1,"minecraft:jungle_stairs":2,"minecraft:oak_sapling":11,"minecraft:wooden_pickaxe":1,"minecraft:egg":1},"minecraft:broken":{"minecraft:stone_sword":6,"minecraft:stone_axe":2,"minecraft:stone_shovel":1}},"DataVersion":3465}